ID,Module,Category,Name,Description,Rationale,Method,RegistryPath,RegistryItem,DefaultValue,RecommendedValue,Operator,Severity,RequiresRestart,Remediation
NTLM-1.1,NTLM,LAN Manager / NTLM Version,LM Compatibility Level = 5 (NTLMv2 only),"LmCompatibilityLevel=5 refuses LM and NTLMv1 entirely. Anything lower enables downgrade attacks and pass-the-hash.","LmCompatibilityLevel=5 refuses LM and NTLMv1 entirely. Anything lower enables downgrade attacks and pass-the-hash.",registry,HKLM:\SYSTEM\CurrentControlSet\Control\Lsa,LmCompatibilityLevel,3,5,>=,Critical,false,"GPO: Network security: LAN Manager authentication level = Send NTLMv2 response only; refuse LM & NTLM. Registry: set HKLM\SYSTEM\CurrentControlSet\Control\Lsa\LmCompatibilityLevel = 5."
NTLM-1.2,NTLM,LAN Manager / NTLM Version,NTLM minimum client security requires NTLMv2 + 128-bit,"NtlmMinClientSec should enforce NTLMv2 session security (0x00080000) and 128-bit encryption (0x20000000). Combined = 537395200.","NtlmMinClientSec should enforce NTLMv2 session security and 128-bit encryption. Combined = 537395200.",registry,HKLM:\SYSTEM\CurrentControlSet\Control\Lsa\MSV1_0,NtlmMinClientSec,536870912,537395200,>=,High,false,"GPO: Network security: Minimum session security for NTLM SSP based clients = Require NTLMv2 + 128-bit encryption. Registry: NtlmMinClientSec = 537395200."
NTLM-1.3,NTLM,LAN Manager / NTLM Version,NTLM minimum server security requires NTLMv2 + 128-bit,"NtlmMinServerSec=537395200 ensures the server side rejects weak NTLM sessions.","NtlmMinServerSec=537395200 ensures the server side rejects weak NTLM sessions.",registry,HKLM:\SYSTEM\CurrentControlSet\Control\Lsa\MSV1_0,NtlmMinServerSec,536870912,537395200,>=,High,false,"GPO: Network security: Minimum session security for NTLM SSP based servers = Require NTLMv2 + 128-bit encryption. Registry: NtlmMinServerSec = 537395200."
NTLM-2.1,NTLM,Credential Protection,WDigest cleartext password caching disabled,"UseLogonCredential=1 stores plaintext passwords in LSASS memory. mimikatz sekurlsa::wdigest exploits this. Must be 0.","UseLogonCredential=1 stores plaintext passwords in LSASS memory. mimikatz sekurlsa::wdigest exploits this. Must be 0.",registry,HKLM:\SYSTEM\CurrentControlSet\Control\SecurityProviders\WDigest,UseLogonCredential,0,0,=,Critical,false,"GPO: MS Security Guide > WDigest Authentication = Disabled. Registry: UseLogonCredential = 0."
NTLM-2.2,NTLM,Credential Protection,LSA RunAsPPL (Protected Process Light) enabled,"RunAsPPL=1 runs LSASS as a Protected Process, preventing credential dumping by tools that cannot inject into protected processes without a signed driver.","RunAsPPL=1 runs LSASS as a Protected Process, preventing credential dumping by tools like mimikatz.",registry,HKLM:\SYSTEM\CurrentControlSet\Control\Lsa,RunAsPPL,0,1,=,Critical,true,"Registry: HKLM\SYSTEM\CurrentControlSet\Control\Lsa\RunAsPPL = 1. Requires a reboot to take effect; enable Secure Boot first for kernel-level protection."
NTLM-3.1,NTLM,Anonymous Access,Anonymous SAM enumeration restricted,"RestrictAnonymousSAM=1 prevents unauthenticated enumeration of local accounts via the SAM pipe used by recon tools.","RestrictAnonymousSAM=1 prevents unauthenticated enumeration of local accounts via the SAM pipe.",registry,HKLM:\SYSTEM\CurrentControlSet\Control\Lsa,RestrictAnonymousSAM,1,1,=,High,false,"GPO: Network access: Do not allow anonymous enumeration of SAM accounts = Enabled. Registry: RestrictAnonymousSAM = 1."
NTLM-3.2,NTLM,Anonymous Access,Anonymous access to named pipes / shares restricted,"RestrictAnonymous=1 prevents anonymous connections from enumerating shares and named pipes used by BloodHound-style recon.","RestrictAnonymous=1 prevents anonymous connections from enumerating shares and named pipes.",registry,HKLM:\SYSTEM\CurrentControlSet\Control\Lsa,RestrictAnonymous,0,1,>=,High,false,"GPO: Network access: Do not allow anonymous enumeration of SAM accounts and shares = Enabled. Registry: RestrictAnonymous = 1."
NTLM-4.1,NTLM,NTLM Restriction & Audit,Outbound NTLM traffic restricted or audited,"RestrictSendingNTLMTraffic=2 blocks all outbound NTLM; 1 = audit only. Prevents NTLM relay attacks when an attacker triggers outbound auth.","RestrictSendingNTLMTraffic blocks or audits outbound NTLM, preventing relay attacks triggered by coerced auth.",registry,HKLM:\SYSTEM\CurrentControlSet\Control\Lsa\MSV1_0,RestrictSendingNTLMTraffic,0,1,>=,High,false,"GPO: Network security: Restrict NTLM: Outgoing NTLM traffic to remote servers = Audit/Deny all. Registry: RestrictSendingNTLMTraffic = 1 (audit) or 2 (block)."
NTLM-4.2,NTLM,NTLM Restriction & Audit,NTLM authentication auditing enabled,"AuditReceivingNTLMTraffic=2 logs all incoming NTLM auth in the Security event log, essential for detecting NTLM relay/pass-the-hash attempts.","AuditReceivingNTLMTraffic logs incoming NTLM auth, essential for detecting relay and pass-the-hash attempts.",registry,HKLM:\SYSTEM\CurrentControlSet\Control\Lsa\MSV1_0,AuditReceivingNTLMTraffic,0,1,>=,Medium,false,"GPO: Network security: Restrict NTLM: Audit incoming NTLM traffic = Enable auditing for all accounts. Registry: AuditReceivingNTLMTraffic = 2."
